Taxon;Vials;Specimens;CollID;TrapID
Acarthophthalmidae ;1;12;284;51
Acroceridae;0;0;284;51
Agromyzidae;1;3;284;51
Anthomyiidae;2;91;284;51
Anthomyzidae;0;0;284;51
Asilidae;0;0;284;51
Asteiidae;0;0;284;51
Athericidae;0;0;284;51
Aulacigasteridae;0;0;284;51
Bombyliidae;0;0;284;51
Brachystomatidae;0;0;284;51
Braulidae;0;0;284;51
Calliphoridae;1;1;284;51
Camillidae;0;0;284;51
Campichoetidae;0;0;284;51
Carnidae;0;0;284;51
Chamaemyiidae;0;0;284;51
Chiropteromyzidae;0;0;284;51
Chloropidae;1;4;284;51
Chyromyidae;0;0;284;51
Clusiidae;0;0;284;51
Coelopidae;0;0;284;51
Coenomyiidae;0;0;284;51
Conopidae;0;0;284;51
Diastatidae;0;0;284;51
Dolichopodidae;1;17;284;51
Drosophilidae;1;6;284;51
Dryomyzidae;0;0;284;51
Empidoidea;1;94;284;51
Ephydridae;0;0;284;51
Fanniidae;1;21;284;51
Gasterophilidae;0;0;284;51
Helcomyzidae;0;0;284;51
Heleomyzidae;1;8;284;51
Heterocheilidae;0;0;284;51
Hippoboscidae;0;0;284;51
Hypodermatidae;0;0;284;51
Lauxaniidae;0;0;284;51
Lonchaeidae;1;1;284;51
Lonchopteridae;0;0;284;51
Megamerinidae;0;0;284;51
Micropezidae;0;0;284;51
Milichiidae;0;0;284;51
Muscidae;4;154;284;51
Nycteribiidae;0;0;284;51
Odiniidae;1;1;284;51
Oestridae;0;0;284;51
Opetiidae;0;0;284;51
Opomyzidae;0;0;284;51
Pallopteridae;1;5;284;51
Periscelididae;0;0;284;51
Phaeomyiidae;0;0;284;51
Phoridae;0;0;284;51
Piophilidae;1;8;284;51
Pipunculidae;1;11;284;51
Platypezidae;0;0;284;51
Platystomatidae;0;0;284;51
Pseudopomyzidae;1;1;284;51
Psilidae;1;1;284;51
Rhagionidae;1;9;284;51
Rhinophoridae;0;0;284;51
Sarcophagidae;1;5;284;51
Scathophagidae;1;12;284;51
Scenopinidae;0;0;284;51
Sciomyzidae;1;4;284;51
Sepsidae;1;26;284;51
Sphaeroceridae;1;8;284;51
Stenomicridae;0;0;284;51
Stratiomyidae;1;1;284;51
Strongylophthalmyiidae;0;0;284;51
Syrphidae;1;23;284;51
Tabanidae;0;0;284;51
Tachinidae;0;0;284;51
Tanypezidae;0;0;284;51
Tephritidae;0;0;284;51
Tethinidae;0;0;284;51
Therevidae;0;0;284;51
Trixoscelididae;0;0;284;51
Ulidiidae;1;1;284;51
Xylomyidae;0;0;284;51
Xylophagidae;0;0;284;51
Acarthophthalmidae ;0;0;728;51
Acroceridae;0;0;728;51
Agromyzidae;0;0;728;51
Anthomyiidae;1;1;728;51
Anthomyzidae;0;0;728;51
Asilidae;0;0;728;51
Asteiidae;0;0;728;51
Athericidae;0;0;728;51
Aulacigasteridae;0;0;728;51
Bombyliidae;0;0;728;51
Brachystomatidae;0;0;728;51
Braulidae;0;0;728;51
Calliphoridae;1;1;728;51
Camillidae;0;0;728;51
Campichoetidae;0;0;728;51
Carnidae;0;0;728;51
Chamaemyiidae;0;0;728;51
Chiropteromyzidae;0;0;728;51
Chloropidae;1;1;728;51
Chyromyidae;0;0;728;51
Clusiidae;0;0;728;51
Coelopidae;0;0;728;51
Coenomyiidae;0;0;728;51
Conopidae;0;0;728;51
Diastatidae;0;0;728;51
Dolichopodidae;0;0;728;51
Drosophilidae;0;0;728;51
Dryomyzidae;0;0;728;51
Empidoidea;1;3;728;51
Ephydridae;0;0;728;51
Fanniidae;0;0;728;51
Gasterophilidae;0;0;728;51
Helcomyzidae;0;0;728;51
Heleomyzidae;0;0;728;51
Heterocheilidae;0;0;728;51
Hippoboscidae;0;0;728;51
Hypodermatidae;0;0;728;51
Lauxaniidae;0;0;728;51
Lonchaeidae;0;0;728;51
Lonchopteridae;0;0;728;51
Megamerinidae;0;0;728;51
Micropezidae;0;0;728;51
Milichiidae;1;1;728;51
Muscidae;1;6;728;51
Nycteribiidae;0;0;728;51
Odiniidae;0;0;728;51
Oestridae;0;0;728;51
Opetiidae;0;0;728;51
Opomyzidae;0;0;728;51
Pallopteridae;0;0;728;51
Periscelididae;0;0;728;51
Phaeomyiidae;0;0;728;51
Phoridae;0;0;728;51
Piophilidae;0;0;728;51
Pipunculidae;1;28;728;51
Platypezidae;0;0;728;51
Platystomatidae;0;0;728;51
Pseudopomyzidae;0;0;728;51
Psilidae;0;0;728;51
Rhagionidae;0;0;728;51
Rhinophoridae;0;0;728;51
Sarcophagidae;0;0;728;51
Scathophagidae;1;3;728;51
Scenopinidae;0;0;728;51
Sciomyzidae;0;0;728;51
Sepsidae;0;0;728;51
Sphaeroceridae;0;0;728;51
Stenomicridae;0;0;728;51
Stratiomyidae;0;0;728;51
Strongylophthalmyiidae;0;0;728;51
Syrphidae;1;1;728;51
Tabanidae;0;0;728;51
Tachinidae;1;1;728;51
Tanypezidae;0;0;728;51
Tephritidae;0;0;728;51
Tethinidae;0;0;728;51
Therevidae;0;0;728;51
Trixoscelididae;0;0;728;51
Ulidiidae;0;0;728;51
Xylomyidae;0;0;728;51
Xylophagidae;0;0;728;51
Acarthophthalmidae ;1;1;932;14
Acroceridae;0;0;932;14
Agromyzidae;1;2;932;14
Anthomyiidae;1;13;932;14
Anthomyzidae;0;0;932;14
Asilidae;0;0;932;14
Asteiidae;0;0;932;14
Athericidae;0;0;932;14
Aulacigasteridae;0;0;932;14
Bombyliidae;0;0;932;14
Brachystomatidae;0;0;932;14
Braulidae;0;0;932;14
Calliphoridae;1;3;932;14
Camillidae;0;0;932;14
Campichoetidae;0;0;932;14
Carnidae;0;0;932;14
Chamaemyiidae;0;0;932;14
Chiropteromyzidae;0;0;932;14
Chloropidae;1;2;932;14
Chyromyidae;0;0;932;14
Clusiidae;0;0;932;14
Coelopidae;0;0;932;14
Coenomyiidae;0;0;932;14
Conopidae;0;0;932;14
Diastatidae;0;0;932;14
Dolichopodidae;1;4;932;14
Drosophilidae;1;37;932;14
Dryomyzidae;1;1;932;14
Empidoidea;1;14;932;14
Ephydridae;1;2;932;14
Fanniidae;1;3;932;14
Gasterophilidae;0;0;932;14
Helcomyzidae;0;0;932;14
Heleomyzidae;1;24;932;14
Heterocheilidae;0;0;932;14
Hippoboscidae;0;0;932;14
Hypodermatidae;0;0;932;14
Lauxaniidae;1;34;932;14
Lonchaeidae;0;0;932;14
Lonchopteridae;0;0;932;14
Megamerinidae;0;0;932;14
Micropezidae;0;0;932;14
Milichiidae;0;0;932;14
Muscidae;1;22;932;14
Nycteribiidae;0;0;932;14
Odiniidae;0;0;932;14
Oestridae;0;0;932;14
Opetiidae;0;0;932;14
Opomyzidae;1;1;932;14
Pallopteridae;0;0;932;14
Periscelididae;0;0;932;14
Phaeomyiidae;0;0;932;14
Phoridae;0;0;932;14
Piophilidae;0;0;932;14
Pipunculidae;0;0;932;14
Platypezidae;0;0;932;14
Platystomatidae;0;0;932;14
Pseudopomyzidae;0;0;932;14
Psilidae;1;49;932;14
Rhagionidae;0;0;932;14
Rhinophoridae;0;0;932;14
Sarcophagidae;1;2;932;14
Scathophagidae;0;0;932;14
Scenopinidae;0;0;932;14
Sciomyzidae;1;24;932;14
Sepsidae;0;0;932;14
Sphaeroceridae;1;9;932;14
Stenomicridae;0;0;932;14
Stratiomyidae;0;0;932;14
Strongylophthalmyiidae;0;0;932;14
Syrphidae;0;0;932;14
Tabanidae;0;0;932;14
Tachinidae;1;18;932;14
Tanypezidae;0;0;932;14
Tephritidae;0;0;932;14
Tethinidae;0;0;932;14
Therevidae;0;0;932;14
Trixoscelididae;0;0;932;14
Ulidiidae;0;0;932;14
Xylomyidae;0;0;932;14
Xylophagidae;0;0;932;14
Acarthophthalmidae ;0;0;1079;33
Acroceridae;0;0;1079;33
Agromyzidae;1;2;1079;33
Anthomyiidae;1;33;1079;33
Anthomyzidae;0;0;1079;33
Asilidae;0;0;1079;33
Asteiidae;0;0;1079;33
Athericidae;0;0;1079;33
Aulacigasteridae;0;0;1079;33
Bombyliidae;0;0;1079;33
Brachystomatidae;0;0;1079;33
Braulidae;0;0;1079;33
Calliphoridae;0;0;1079;33
Camillidae;0;0;1079;33
Campichoetidae;0;0;1079;33
Carnidae;0;0;1079;33
Chamaemyiidae;0;0;1079;33
Chiropteromyzidae;0;0;1079;33
Chloropidae;1;6;1079;33
Chyromyidae;0;0;1079;33
Clusiidae;1;1;1079;33
Coelopidae;0;0;1079;33
Coenomyiidae;0;0;1079;33
Conopidae;0;0;1079;33
Diastatidae;0;0;1079;33
Dolichopodidae;1;20;1079;33
Drosophilidae;1;3;1079;33
Dryomyzidae;0;0;1079;33
Empidoidea;1;42;1079;33
Ephydridae;0;0;1079;33
Fanniidae;1;1;1079;33
Gasterophilidae;0;0;1079;33
Helcomyzidae;0;0;1079;33
Heleomyzidae;1;3;1079;33
Heterocheilidae;0;0;1079;33
Hippoboscidae;0;0;1079;33
Hypodermatidae;0;0;1079;33
Lauxaniidae;1;7;1079;33
Lonchaeidae;0;0;1079;33
Lonchopteridae;0;0;1079;33
Megamerinidae;0;0;1079;33
Micropezidae;0;0;1079;33
Milichiidae;0;0;1079;33
Muscidae;1;12;1079;33
Nycteribiidae;0;0;1079;33
Odiniidae;0;0;1079;33
Oestridae;0;0;1079;33
Opetiidae;0;0;1079;33
Opomyzidae;0;0;1079;33
Pallopteridae;0;0;1079;33
Periscelididae;0;0;1079;33
Phaeomyiidae;0;0;1079;33
Phoridae;0;0;1079;33
Piophilidae;0;0;1079;33
Pipunculidae;1;6;1079;33
Platypezidae;0;0;1079;33
Platystomatidae;0;0;1079;33
Pseudopomyzidae;0;0;1079;33
Psilidae;0;0;1079;33
Rhagionidae;1;1;1079;33
Rhinophoridae;0;0;1079;33
Sarcophagidae;1;3;1079;33
Scathophagidae;0;0;1079;33
Scenopinidae;0;0;1079;33
Sciomyzidae;1;11;1079;33
Sepsidae;0;0;1079;33
Sphaeroceridae;1;4;1079;33
Stenomicridae;0;0;1079;33
Stratiomyidae;0;0;1079;33
Strongylophthalmyiidae;0;0;1079;33
Syrphidae;1;1;1079;33
Tabanidae;0;0;1079;33
Tachinidae;1;4;1079;33
Tanypezidae;0;0;1079;33
Tephritidae;0;0;1079;33
Tethinidae;0;0;1079;33
Therevidae;0;0;1079;33
Trixoscelididae;0;0;1079;33
Ulidiidae;0;0;1079;33
Xylomyidae;0;0;1079;33
Xylophagidae;0;0;1079;33
Acarthophthalmidae ;1;1;1081;33
Acroceridae;0;0;1081;33
Agromyzidae;1;2;1081;33
Anthomyiidae;1;5;1081;33
Anthomyzidae;0;0;1081;33
Asilidae;1;1;1081;33
Asteiidae;0;0;1081;33
Athericidae;0;0;1081;33
Aulacigasteridae;0;0;1081;33
Bombyliidae;0;0;1081;33
Brachystomatidae;0;0;1081;33
Braulidae;0;0;1081;33
Calliphoridae;1;1;1081;33
Camillidae;0;0;1081;33
Campichoetidae;0;0;1081;33
Carnidae;0;0;1081;33
Chamaemyiidae;0;0;1081;33
Chiropteromyzidae;0;0;1081;33
Chloropidae;1;1;1081;33
Chyromyidae;0;0;1081;33
Clusiidae;0;0;1081;33
Coelopidae;0;0;1081;33
Coenomyiidae;0;0;1081;33
Conopidae;0;0;1081;33
Diastatidae;1;1;1081;33
Dolichopodidae;1;50;1081;33
Drosophilidae;1;29;1081;33
Dryomyzidae;0;0;1081;33
Empidoidea;1;28;1081;33
Ephydridae;0;0;1081;33
Fanniidae;1;3;1081;33
Gasterophilidae;0;0;1081;33
Helcomyzidae;0;0;1081;33
Heleomyzidae;1;1;1081;33
Heterocheilidae;0;0;1081;33
Hippoboscidae;0;0;1081;33
Hypodermatidae;0;0;1081;33
Lauxaniidae;1;11;1081;33
Lonchaeidae;0;0;1081;33
Lonchopteridae;0;0;1081;33
Megamerinidae;0;0;1081;33
Micropezidae;0;0;1081;33
Milichiidae;0;0;1081;33
Muscidae;1;8;1081;33
Nycteribiidae;0;0;1081;33
Odiniidae;0;0;1081;33
Oestridae;0;0;1081;33
Opetiidae;0;0;1081;33
Opomyzidae;0;0;1081;33
Pallopteridae;0;0;1081;33
Periscelididae;0;0;1081;33
Phaeomyiidae;0;0;1081;33
Phoridae;0;0;1081;33
Piophilidae;0;0;1081;33
Pipunculidae;1;4;1081;33
Platypezidae;0;0;1081;33
Platystomatidae;0;0;1081;33
Pseudopomyzidae;0;0;1081;33
Psilidae;1;1;1081;33
Rhagionidae;1;37;1081;33
Rhinophoridae;1;4;1081;33
Sarcophagidae;1;7;1081;33
Scathophagidae;0;0;1081;33
Scenopinidae;0;0;1081;33
Sciomyzidae;1;2;1081;33
Sepsidae;1;1;1081;33
Sphaeroceridae;1;2;1081;33
Stenomicridae;0;0;1081;33
Stratiomyidae;0;0;1081;33
Strongylophthalmyiidae;0;0;1081;33
Syrphidae;2;51;1081;33
Tabanidae;0;0;1081;33
Tachinidae;1;12;1081;33
Tanypezidae;0;0;1081;33
Tephritidae;0;0;1081;33
Tethinidae;0;0;1081;33
Therevidae;1;1;1081;33
Trixoscelididae;0;0;1081;33
Ulidiidae;0;0;1081;33
Xylomyidae;0;0;1081;33
Xylophagidae;0;0;1081;33
Acarthophthalmidae ;0;0;1286;59
Acroceridae;0;0;1286;59
Agromyzidae;1;2;1286;59
Anthomyiidae;1;19;1286;59
Anthomyzidae;0;0;1286;59
Asilidae;0;0;1286;59
Asteiidae;0;0;1286;59
Athericidae;0;0;1286;59
Aulacigasteridae;0;0;1286;59
Bombyliidae;0;0;1286;59
Brachystomatidae;0;0;1286;59
Braulidae;0;0;1286;59
Calliphoridae;0;0;1286;59
Camillidae;0;0;1286;59
Campichoetidae;0;0;1286;59
Carnidae;0;0;1286;59
Chamaemyiidae;0;0;1286;59
Chiropteromyzidae;0;0;1286;59
Chloropidae;1;8;1286;59
Chyromyidae;0;0;1286;59
Clusiidae;1;5;1286;59
Coelopidae;0;0;1286;59
Coenomyiidae;0;0;1286;59
Conopidae;0;0;1286;59
Diastatidae;1;1;1286;59
Dolichopodidae;1;17;1286;59
Drosophilidae;1;1;1286;59
Dryomyzidae;0;0;1286;59
Empidoidea;1;209;1286;59
Ephydridae;0;0;1286;59
Fanniidae;1;2;1286;59
Gasterophilidae;0;0;1286;59
Helcomyzidae;0;0;1286;59
Heleomyzidae;1;2;1286;59
Heterocheilidae;0;0;1286;59
Hippoboscidae;0;0;1286;59
Hypodermatidae;0;0;1286;59
Lauxaniidae;0;0;1286;59
Lonchaeidae;0;0;1286;59
Lonchopteridae;0;0;1286;59
Megamerinidae;0;0;1286;59
Micropezidae;0;0;1286;59
Milichiidae;1;1;1286;59
Muscidae;2;288;1286;59
Nycteribiidae;0;0;1286;59
Odiniidae;0;0;1286;59
Oestridae;0;0;1286;59
Opetiidae;0;0;1286;59
Opomyzidae;0;0;1286;59
Pallopteridae;0;0;1286;59
Periscelididae;0;0;1286;59
Phaeomyiidae;0;0;1286;59
Phoridae;0;0;1286;59
Piophilidae;0;0;1286;59
Pipunculidae;1;6;1286;59
Platypezidae;0;0;1286;59
Platystomatidae;0;0;1286;59
Pseudopomyzidae;0;0;1286;59
Psilidae;1;1;1286;59
Rhagionidae;0;0;1286;59
Rhinophoridae;0;0;1286;59
Sarcophagidae;0;0;1286;59
Scathophagidae;1;7;1286;59
Scenopinidae;0;0;1286;59
Sciomyzidae;0;0;1286;59
Sepsidae;0;0;1286;59
Sphaeroceridae;1;4;1286;59
Stenomicridae;0;0;1286;59
Stratiomyidae;0;0;1286;59
Strongylophthalmyiidae;0;0;1286;59
Syrphidae;1;2;1286;59
Tabanidae;0;0;1286;59
Tachinidae;1;3;1286;59
Tanypezidae;0;0;1286;59
Tephritidae;0;0;1286;59
Tethinidae;0;0;1286;59
Therevidae;0;0;1286;59
Trixoscelididae;0;0;1286;59
Ulidiidae;0;0;1286;59
Xylomyidae;0;0;1286;59
Xylophagidae;1;1;1286;59
Acarthophthalmidae ;0;0;1300;61
Acroceridae;0;0;1300;61
Agromyzidae;1;1;1300;61
Anthomyiidae;1;16;1300;61
Anthomyzidae;0;0;1300;61
Asilidae;0;0;1300;61
Asteiidae;0;0;1300;61
Athericidae;0;0;1300;61
Aulacigasteridae;0;0;1300;61
Bombyliidae;0;0;1300;61
Brachystomatidae;0;0;1300;61
Braulidae;0;0;1300;61
Calliphoridae;1;1;1300;61
Camillidae;0;0;1300;61
Campichoetidae;0;0;1300;61
Carnidae;1;1;1300;61
Chamaemyiidae;0;0;1300;61
Chiropteromyzidae;0;0;1300;61
Chloropidae;1;1;1300;61
Chyromyidae;0;0;1300;61
Clusiidae;1;3;1300;61
Coelopidae;0;0;1300;61
Coenomyiidae;0;0;1300;61
Conopidae;0;0;1300;61
Diastatidae;0;0;1300;61
Dolichopodidae;0;0;1300;61
Drosophilidae;0;0;1300;61
Dryomyzidae;0;0;1300;61
Empidoidea;1;16;1300;61
Ephydridae;0;0;1300;61
Fanniidae;1;1;1300;61
Gasterophilidae;0;0;1300;61
Helcomyzidae;0;0;1300;61
Heleomyzidae;0;0;1300;61
Heterocheilidae;0;0;1300;61
Hippoboscidae;0;0;1300;61
Hypodermatidae;0;0;1300;61
Lauxaniidae;0;0;1300;61
Lonchaeidae;1;3;1300;61
Lonchopteridae;0;0;1300;61
Megamerinidae;0;0;1300;61
Micropezidae;0;0;1300;61
Milichiidae;1;1;1300;61
Muscidae;1;7;1300;61
Nycteribiidae;0;0;1300;61
Odiniidae;0;0;1300;61
Oestridae;0;0;1300;61
Opetiidae;0;0;1300;61
Opomyzidae;0;0;1300;61
Pallopteridae;0;0;1300;61
Periscelididae;0;0;1300;61
Phaeomyiidae;0;0;1300;61
Phoridae;0;0;1300;61
Piophilidae;0;0;1300;61
Pipunculidae;1;3;1300;61
Platypezidae;1;1;1300;61
Platystomatidae;0;0;1300;61
Pseudopomyzidae;0;0;1300;61
Psilidae;0;0;1300;61
Rhagionidae;0;0;1300;61
Rhinophoridae;0;0;1300;61
Sarcophagidae;0;0;1300;61
Scathophagidae;1;1;1300;61
Scenopinidae;0;0;1300;61
Sciomyzidae;0;0;1300;61
Sepsidae;0;0;1300;61
Sphaeroceridae;1;1;1300;61
Stenomicridae;0;0;1300;61
Stratiomyidae;0;0;1300;61
Strongylophthalmyiidae;0;0;1300;61
Syrphidae;1;1;1300;61
Tabanidae;0;0;1300;61
Tachinidae;1;1;1300;61
Tanypezidae;0;0;1300;61
Tephritidae;0;0;1300;61
Tethinidae;0;0;1300;61
Therevidae;0;0;1300;61
Trixoscelididae;0;0;1300;61
Ulidiidae;0;0;1300;61
Xylomyidae;0;0;1300;61
Xylophagidae;0;0;1300;61
Acarthophthalmidae ;1;3;1328;1001
Acroceridae;0;0;1328;1001
Agromyzidae;1;174;1328;1001
Anthomyiidae;3;142;1328;1001
Anthomyzidae;0;0;1328;1001
Asilidae;1;1;1328;1001
Asteiidae;1;1;1328;1001
Athericidae;0;0;1328;1001
Aulacigasteridae;1;7;1328;1001
Bombyliidae;0;0;1328;1001
Brachystomatidae;0;0;1328;1001
Braulidae;0;0;1328;1001
Calliphoridae;1;5;1328;1001
Camillidae;0;0;1328;1001
Campichoetidae;0;0;1328;1001
Carnidae;1;1;1328;1001
Chamaemyiidae;1;10;1328;1001
Chiropteromyzidae;0;0;1328;1001
Chloropidae;1;60;1328;1001
Chyromyidae;0;0;1328;1001
Clusiidae;1;5;1328;1001
Coelopidae;0;0;1328;1001
Coenomyiidae;0;0;1328;1001
Conopidae;0;0;1328;1001
Diastatidae;0;0;1328;1001
Dolichopodidae;1;66;1328;1001
Drosophilidae;1;16;1328;1001
Dryomyzidae;0;0;1328;1001
Empidoidea;4;1646;1328;1001
Ephydridae;1;2;1328;1001
Fanniidae;1;62;1328;1001
Gasterophilidae;0;0;1328;1001
Helcomyzidae;0;0;1328;1001
Heleomyzidae;1;14;1328;1001
Heterocheilidae;0;0;1328;1001
Hippoboscidae;0;0;1328;1001
Hypodermatidae;0;0;1328;1001
Lauxaniidae;1;15;1328;1001
Lonchaeidae;1;14;1328;1001
Lonchopteridae;1;20;1328;1001
Megamerinidae;0;0;1328;1001
Micropezidae;1;1;1328;1001
Milichiidae;0;0;1328;1001
Muscidae;3;91;1328;1001
Nycteribiidae;0;0;1328;1001
Odiniidae;0;0;1328;1001
Oestridae;0;0;1328;1001
Opetiidae;0;0;1328;1001
Opomyzidae;0;0;1328;1001
Pallopteridae;0;0;1328;1001
Periscelididae;0;0;1328;1001
Phaeomyiidae;0;0;1328;1001
Phoridae;0;0;1328;1001
Piophilidae;1;1;1328;1001
Pipunculidae;1;12;1328;1001
Platypezidae;0;0;1328;1001
Platystomatidae;0;0;1328;1001
Pseudopomyzidae;0;0;1328;1001
Psilidae;1;5;1328;1001
Rhagionidae;0;0;1328;1001
Rhinophoridae;0;0;1328;1001
Sarcophagidae;1;3;1328;1001
Scathophagidae;2;104;1328;1001
Scenopinidae;0;0;1328;1001
Sciomyzidae;1;2;1328;1001
Sepsidae;1;4;1328;1001
Sphaeroceridae;1;71;1328;1001
Stenomicridae;0;0;1328;1001
Stratiomyidae;1;5;1328;1001
Strongylophthalmyiidae;0;0;1328;1001
Syrphidae;3;253;1328;1001
Tabanidae;0;0;1328;1001
Tachinidae;1;37;1328;1001
Tanypezidae;0;0;1328;1001
Tephritidae;0;0;1328;1001
Tethinidae;0;0;1328;1001
Therevidae;0;0;1328;1001
Trixoscelididae;0;0;1328;1001
Ulidiidae;0;0;1328;1001
Xylomyidae;0;0;1328;1001
Xylophagidae;1;1;1328;1001
Acarthophthalmidae ;0;0;1329;1001
Acroceridae;0;0;1329;1001
Agromyzidae;1;221;1329;1001
Anthomyiidae;2;106;1329;1001
Anthomyzidae;0;0;1329;1001
Asilidae;1;2;1329;1001
Asteiidae;0;0;1329;1001
Athericidae;0;0;1329;1001
Aulacigasteridae;0;0;1329;1001
Bombyliidae;0;0;1329;1001
Brachystomatidae;0;0;1329;1001
Braulidae;0;0;1329;1001
Calliphoridae;1;5;1329;1001
Camillidae;0;0;1329;1001
Campichoetidae;0;0;1329;1001
Carnidae;0;0;1329;1001
Chamaemyiidae;1;2;1329;1001
Chiropteromyzidae;0;0;1329;1001
Chloropidae;1;31;1329;1001
Chyromyidae;0;0;1329;1001
Clusiidae;1;6;1329;1001
Coelopidae;0;0;1329;1001
Coenomyiidae;0;0;1329;1001
Conopidae;0;0;1329;1001
Diastatidae;0;0;1329;1001
Dolichopodidae;3;375;1329;1001
Drosophilidae;1;5;1329;1001
Dryomyzidae;0;0;1329;1001
Empidoidea;2;510;1329;1001
Ephydridae;1;9;1329;1001
Fanniidae;1;22;1329;1001
Gasterophilidae;0;0;1329;1001
Helcomyzidae;0;0;1329;1001
Heleomyzidae;1;5;1329;1001
Heterocheilidae;0;0;1329;1001
Hippoboscidae;0;0;1329;1001
Hypodermatidae;0;0;1329;1001
Lauxaniidae;1;12;1329;1001
Lonchaeidae;1;9;1329;1001
Lonchopteridae;1;3;1329;1001
Megamerinidae;0;0;1329;1001
Micropezidae;1;9;1329;1001
Milichiidae;0;0;1329;1001
Muscidae;2;97;1329;1001
Nycteribiidae;0;0;1329;1001
Odiniidae;0;0;1329;1001
Oestridae;0;0;1329;1001
Opetiidae;1;3;1329;1001
Opomyzidae;1;1;1329;1001
Pallopteridae;0;0;1329;1001
Periscelididae;0;0;1329;1001
Phaeomyiidae;0;0;1329;1001
Phoridae;0;0;1329;1001
Piophilidae;0;0;1329;1001
Pipunculidae;1;33;1329;1001
Platypezidae;0;0;1329;1001
Platystomatidae;0;0;1329;1001
Pseudopomyzidae;0;0;1329;1001
Psilidae;1;8;1329;1001
Rhagionidae;2;29;1329;1001
Rhinophoridae;1;1;1329;1001
Sarcophagidae;1;9;1329;1001
Scathophagidae;1;17;1329;1001
Scenopinidae;0;0;1329;1001
Sciomyzidae;1;2;1329;1001
Sepsidae;1;6;1329;1001
Sphaeroceridae;1;49;1329;1001
Stenomicridae;0;0;1329;1001
Stratiomyidae;1;15;1329;1001
Strongylophthalmyiidae;0;0;1329;1001
Syrphidae;3;134;1329;1001
Tabanidae;1;3;1329;1001
Tachinidae;1;18;1329;1001
Tanypezidae;0;0;1329;1001
Tephritidae;0;0;1329;1001
Tethinidae;0;0;1329;1001
Therevidae;0;0;1329;1001
Trixoscelididae;1;2;1329;1001
Ulidiidae;0;0;1329;1001
Xylomyidae;0;0;1329;1001
Xylophagidae;1;1;1329;1001
Acarthophthalmidae ;1;5;1420;1005
Acroceridae;0;0;1420;1005
Agromyzidae;1;83;1420;1005
Anthomyiidae;2;168;1420;1005
Anthomyzidae;1;2;1420;1005
Asilidae;3;39;1420;1005
Asteiidae;0;0;1420;1005
Athericidae;0;0;1420;1005
Aulacigasteridae;0;0;1420;1005
Bombyliidae;1;1;1420;1005
Brachystomatidae;0;0;1420;1005
Braulidae;0;0;1420;1005
Calliphoridae;1;4;1420;1005
Camillidae;1;1;1420;1005
Campichoetidae;0;0;1420;1005
Carnidae;1;5;1420;1005
Chamaemyiidae;1;2;1420;1005
Chiropteromyzidae;0;0;1420;1005
Chloropidae;1;104;1420;1005
Chyromyidae;0;0;1420;1005
Clusiidae;1;4;1420;1005
Coelopidae;0;0;1420;1005
Coenomyiidae;0;0;1420;1005
Conopidae;0;0;1420;1005
Diastatidae;0;0;1420;1005
Dolichopodidae;2;253;1420;1005
Drosophilidae;1;26;1420;1005
Dryomyzidae;1;1;1420;1005
Empidoidea;4;1363;1420;1005
Ephydridae;1;18;1420;1005
Fanniidae;1;62;1420;1005
Gasterophilidae;0;0;1420;1005
Helcomyzidae;0;0;1420;1005
Heleomyzidae;1;24;1420;1005
Heterocheilidae;1;1;1420;1005
Hippoboscidae;0;0;1420;1005
Hypodermatidae;0;0;1420;1005
Lauxaniidae;1;48;1420;1005
Lonchaeidae;1;1;1420;1005
Lonchopteridae;1;3;1420;1005
Megamerinidae;0;0;1420;1005
Micropezidae;0;0;1420;1005
Milichiidae;1;31;1420;1005
Muscidae;22;1343;1420;1005
Nycteribiidae;0;0;1420;1005
Odiniidae;0;0;1420;1005
Oestridae;0;0;1420;1005
Opetiidae;0;0;1420;1005
Opomyzidae;1;2;1420;1005
Pallopteridae;0;0;1420;1005
Periscelididae;0;0;1420;1005
Phaeomyiidae;0;0;1420;1005
Phoridae;0;0;1420;1005
Piophilidae;0;0;1420;1005
Pipunculidae;1;10;1420;1005
Platypezidae;0;0;1420;1005
Platystomatidae;0;0;1420;1005
Pseudopomyzidae;0;0;1420;1005
Psilidae;1;2;1420;1005
Rhagionidae;1;3;1420;1005
Rhinophoridae;1;25;1420;1005
Sarcophagidae;1;10;1420;1005
Scathophagidae;1;32;1420;1005
Scenopinidae;0;0;1420;1005
Sciomyzidae;1;4;1420;1005
Sepsidae;1;8;1420;1005
Sphaeroceridae;1;101;1420;1005
Stenomicridae;0;0;1420;1005
Stratiomyidae;0;0;1420;1005
Strongylophthalmyiidae;0;0;1420;1005
Syrphidae;1;34;1420;1005
Tabanidae;1;1;1420;1005
Tachinidae;1;22;1420;1005
Tanypezidae;0;0;1420;1005
Tephritidae;0;0;1420;1005
Tethinidae;0;0;1420;1005
Therevidae;1;5;1420;1005
Trixoscelididae;1;1;1420;1005
Ulidiidae;0;0;1420;1005
Xylomyidae;0;0;1420;1005
Xylophagidae;0;0;1420;1005
Acarthophthalmidae ;0;0;1593;7
Acroceridae;0;0;1593;7
Agromyzidae;1;20;1593;7
Anthomyiidae;3;141;1593;7
Anthomyzidae;1;1;1593;7
Asilidae;1;11;1593;7
Asteiidae;0;0;1593;7
Athericidae;0;0;1593;7
Aulacigasteridae;0;0;1593;7
Bombyliidae;0;0;1593;7
Brachystomatidae;0;0;1593;7
Braulidae;0;0;1593;7
Calliphoridae;1;12;1593;7
Camillidae;0;0;1593;7
Campichoetidae;0;0;1593;7
Carnidae;0;0;1593;7
Chamaemyiidae;1;10;1593;7
Chiropteromyzidae;0;0;1593;7
Chloropidae;1;58;1593;7
Chyromyidae;0;0;1593;7
Clusiidae;1;5;1593;7
Coelopidae;0;0;1593;7
Coenomyiidae;0;0;1593;7
Conopidae;1;4;1593;7
Diastatidae;1;1;1593;7
Dolichopodidae;1;143;1593;7
Drosophilidae;1;10;1593;7
Dryomyzidae;1;1;1593;7
Empidoidea;2;268;1593;7
Ephydridae;1;1;1593;7
Fanniidae;1;26;1593;7
Gasterophilidae;0;0;1593;7
Helcomyzidae;0;0;1593;7
Heleomyzidae;1;42;1593;7
Heterocheilidae;0;0;1593;7
Hippoboscidae;0;0;1593;7
Hypodermatidae;0;0;1593;7
Lauxaniidae;1;10;1593;7
Lonchaeidae;1;2;1593;7
Lonchopteridae;0;0;1593;7
Megamerinidae;1;1;1593;7
Micropezidae;1;2;1593;7
Milichiidae;1;5;1593;7
Muscidae;16;854;1593;7
Nycteribiidae;0;0;1593;7
Odiniidae;0;0;1593;7
Oestridae;0;0;1593;7
Opetiidae;0;0;1593;7
Opomyzidae;1;5;1593;7
Pallopteridae;0;0;1593;7
Periscelididae;0;0;1593;7
Phaeomyiidae;0;0;1593;7
Phoridae;0;0;1593;7
Piophilidae;1;2;1593;7
Pipunculidae;1;12;1593;7
Platypezidae;0;0;1593;7
Platystomatidae;0;0;1593;7
Pseudopomyzidae;0;0;1593;7
Psilidae;1;5;1593;7
Rhagionidae;1;6;1593;7
Rhinophoridae;0;0;1593;7
Sarcophagidae;1;17;1593;7
Scathophagidae;1;22;1593;7
Scenopinidae;0;0;1593;7
Sciomyzidae;1;76;1593;7
Sepsidae;1;18;1593;7
Sphaeroceridae;1;26;1593;7
Stenomicridae;0;0;1593;7
Stratiomyidae;0;0;1593;7
Strongylophthalmyiidae;0;0;1593;7
Syrphidae;13;160;1593;7
Tabanidae;1;5;1593;7
Tachinidae;1;114;1593;7
Tanypezidae;0;0;1593;7
Tephritidae;0;0;1593;7
Tethinidae;0;0;1593;7
Therevidae;0;0;1593;7
Trixoscelididae;0;0;1593;7
Ulidiidae;0;0;1593;7
Xylomyidae;0;0;1593;7
Xylophagidae;0;0;1593;7
Acarthophthalmidae ;0;0;1760;33
Acroceridae;0;0;1760;33
Agromyzidae;0;0;1760;33
Anthomyiidae;0;0;1760;33
Anthomyzidae;0;0;1760;33
Asilidae;0;0;1760;33
Asteiidae;0;0;1760;33
Athericidae;0;0;1760;33
Aulacigasteridae;0;0;1760;33
Bombyliidae;0;0;1760;33
Brachystomatidae;0;0;1760;33
Braulidae;0;0;1760;33
Calliphoridae;0;0;1760;33
Camillidae;0;0;1760;33
Campichoetidae;0;0;1760;33
Carnidae;0;0;1760;33
Chamaemyiidae;0;0;1760;33
Chiropteromyzidae;0;0;1760;33
Chloropidae;0;0;1760;33
Chyromyidae;0;0;1760;33
Clusiidae;0;0;1760;33
Coelopidae;0;0;1760;33
Coenomyiidae;0;0;1760;33
Conopidae;0;0;1760;33
Diastatidae;0;0;1760;33
Dolichopodidae;0;0;1760;33
Drosophilidae;0;0;1760;33
Dryomyzidae;0;0;1760;33
Empidoidea;0;0;1760;33
Ephydridae;0;0;1760;33
Fanniidae;0;0;1760;33
Gasterophilidae;0;0;1760;33
Helcomyzidae;0;0;1760;33
Heleomyzidae;0;0;1760;33
Heterocheilidae;0;0;1760;33
Hippoboscidae;0;0;1760;33
Hypodermatidae;0;0;1760;33
Lauxaniidae;0;0;1760;33
Lonchaeidae;0;0;1760;33
Lonchopteridae;0;0;1760;33
Megamerinidae;0;0;1760;33
Micropezidae;0;0;1760;33
Milichiidae;0;0;1760;33
Muscidae;0;0;1760;33
Nycteribiidae;0;0;1760;33
Odiniidae;0;0;1760;33
Oestridae;0;0;1760;33
Opetiidae;0;0;1760;33
Opomyzidae;0;0;1760;33
Pallopteridae;0;0;1760;33
Periscelididae;0;0;1760;33
Phaeomyiidae;0;0;1760;33
Phoridae;0;0;1760;33
Piophilidae;0;0;1760;33
Pipunculidae;0;0;1760;33
Platypezidae;0;0;1760;33
Platystomatidae;0;0;1760;33
Pseudopomyzidae;0;0;1760;33
Psilidae;0;0;1760;33
Rhagionidae;0;0;1760;33
Rhinophoridae;0;0;1760;33
Sarcophagidae;0;0;1760;33
Scathophagidae;0;0;1760;33
Scenopinidae;0;0;1760;33
Sciomyzidae;0;0;1760;33
Sepsidae;0;0;1760;33
Sphaeroceridae;0;0;1760;33
Stenomicridae;0;0;1760;33
Stratiomyidae;0;0;1760;33
Strongylophthalmyiidae;0;0;1760;33
Syrphidae;0;0;1760;33
Tabanidae;0;0;1760;33
Tachinidae;0;0;1760;33
Tanypezidae;0;0;1760;33
Tephritidae;0;0;1760;33
Tethinidae;0;0;1760;33
Therevidae;0;0;1760;33
Trixoscelididae;0;0;1760;33
Ulidiidae;0;0;1760;33
Xylomyidae;0;0;1760;33
Xylophagidae;0;0;1760;33
Acarthophthalmidae ;0;0;2096;2
Acroceridae;0;0;2096;2
Agromyzidae;1;1;2096;2
Anthomyiidae;1;7;2096;2
Anthomyzidae;0;0;2096;2
Asilidae;0;0;2096;2
Asteiidae;0;0;2096;2
Athericidae;0;0;2096;2
Aulacigasteridae;0;0;2096;2
Bombyliidae;0;0;2096;2
Brachystomatidae;0;0;2096;2
Braulidae;0;0;2096;2
Calliphoridae;6;126;2096;2
Camillidae;0;0;2096;2
Campichoetidae;0;0;2096;2
Carnidae;0;0;2096;2
Chamaemyiidae;0;0;2096;2
Chiropteromyzidae;0;0;2096;2
Chloropidae;1;9;2096;2
Chyromyidae;0;0;2096;2
Clusiidae;0;0;2096;2
Coelopidae;0;0;2096;2
Coenomyiidae;0;0;2096;2
Conopidae;0;0;2096;2
Diastatidae;1;3;2096;2
Dolichopodidae;1;4;2096;2
Drosophilidae;1;1;2096;2
Dryomyzidae;0;0;2096;2
Empidoidea;1;4;2096;2
Ephydridae;1;5;2096;2
Fanniidae;0;0;2096;2
Gasterophilidae;0;0;2096;2
Helcomyzidae;0;0;2096;2
Heleomyzidae;0;0;2096;2
Heterocheilidae;0;0;2096;2
Hippoboscidae;0;0;2096;2
Hypodermatidae;0;0;2096;2
Lauxaniidae;0;0;2096;2
Lonchaeidae;0;0;2096;2
Lonchopteridae;0;0;2096;2
Megamerinidae;0;0;2096;2
Micropezidae;0;0;2096;2
Milichiidae;0;0;2096;2
Muscidae;1;7;2096;2
Nycteribiidae;0;0;2096;2
Odiniidae;0;0;2096;2
Oestridae;0;0;2096;2
Opetiidae;0;0;2096;2
Opomyzidae;1;3;2096;2
Pallopteridae;0;0;2096;2
Periscelididae;0;0;2096;2
Phaeomyiidae;0;0;2096;2
Phoridae;0;0;2096;2
Piophilidae;0;0;2096;2
Pipunculidae;0;0;2096;2
Platypezidae;0;0;2096;2
Platystomatidae;0;0;2096;2
Pseudopomyzidae;0;0;2096;2
Psilidae;0;0;2096;2
Rhagionidae;0;0;2096;2
Rhinophoridae;0;0;2096;2
Sarcophagidae;0;0;2096;2
Scathophagidae;1;4;2096;2
Scenopinidae;0;0;2096;2
Sciomyzidae;0;0;2096;2
Sepsidae;1;2;2096;2
Sphaeroceridae;0;0;2096;2
Stenomicridae;0;0;2096;2
Stratiomyidae;0;0;2096;2
Strongylophthalmyiidae;0;0;2096;2
Syrphidae;0;0;2096;2
Tabanidae;0;0;2096;2
Tachinidae;1;9;2096;2
Tanypezidae;0;0;2096;2
Tephritidae;0;0;2096;2
Tethinidae;0;0;2096;2
Therevidae;0;0;2096;2
Trixoscelididae;0;0;2096;2
Ulidiidae;0;0;2096;2
Xylomyidae;0;0;2096;2
Xylophagidae;0;0;2096;2
Acarthophthalmidae ;1;1;2097;2
Acroceridae;0;0;2097;2
Agromyzidae;1;3;2097;2
Anthomyiidae;1;61;2097;2
Anthomyzidae;0;0;2097;2
Asilidae;0;0;2097;2
Asteiidae;0;0;2097;2
Athericidae;0;0;2097;2
Aulacigasteridae;0;0;2097;2
Bombyliidae;0;0;2097;2
Brachystomatidae;0;0;2097;2
Braulidae;0;0;2097;2
Calliphoridae;1;17;2097;2
Camillidae;0;0;2097;2
Campichoetidae;0;0;2097;2
Carnidae;1;2;2097;2
Chamaemyiidae;0;0;2097;2
Chiropteromyzidae;0;0;2097;2
Chloropidae;1;27;2097;2
Chyromyidae;0;0;2097;2
Clusiidae;0;0;2097;2
Coelopidae;0;0;2097;2
Coenomyiidae;0;0;2097;2
Conopidae;0;0;2097;2
Diastatidae;0;0;2097;2
Dolichopodidae;1;13;2097;2
Drosophilidae;1;43;2097;2
Dryomyzidae;0;0;2097;2
Empidoidea;1;449;2097;2
Ephydridae;0;0;2097;2
Fanniidae;1;30;2097;2
Gasterophilidae;0;0;2097;2
Helcomyzidae;0;0;2097;2
Heleomyzidae;1;2;2097;2
Heterocheilidae;0;0;2097;2
Hippoboscidae;0;0;2097;2
Hypodermatidae;0;0;2097;2
Lauxaniidae;1;1;2097;2
Lonchaeidae;1;4;2097;2
Lonchopteridae;1;2;2097;2
Megamerinidae;0;0;2097;2
Micropezidae;0;0;2097;2
Milichiidae;1;9;2097;2
Muscidae;2;144;2097;2
Nycteribiidae;0;0;2097;2
Odiniidae;0;0;2097;2
Oestridae;0;0;2097;2
Opetiidae;0;0;2097;2
Opomyzidae;0;0;2097;2
Pallopteridae;0;0;2097;2
Periscelididae;0;0;2097;2
Phaeomyiidae;0;0;2097;2
Phoridae;0;0;2097;2
Piophilidae;0;0;2097;2
Pipunculidae;0;0;2097;2
Platypezidae;0;0;2097;2
Platystomatidae;0;0;2097;2
Pseudopomyzidae;0;0;2097;2
Psilidae;0;0;2097;2
Rhagionidae;0;0;2097;2
Rhinophoridae;0;0;2097;2
Sarcophagidae;1;3;2097;2
Scathophagidae;1;24;2097;2
Scenopinidae;0;0;2097;2
Sciomyzidae;0;0;2097;2
Sepsidae;1;1;2097;2
Sphaeroceridae;1;3;2097;2
Stenomicridae;0;0;2097;2
Stratiomyidae;0;0;2097;2
Strongylophthalmyiidae;0;0;2097;2
Syrphidae;1;38;2097;2
Tabanidae;0;0;2097;2
Tachinidae;1;22;2097;2
Tanypezidae;0;0;2097;2
Tephritidae;1;1;2097;2
Tethinidae;0;0;2097;2
Therevidae;0;0;2097;2
Trixoscelididae;0;0;2097;2
Ulidiidae;0;0;2097;2
Xylomyidae;0;0;2097;2
Xylophagidae;0;0;2097;2
Acarthophthalmidae ;0;0;2098;3
Acroceridae;0;0;2098;3
Agromyzidae;0;0;2098;3
Anthomyiidae;0;0;2098;3
Anthomyzidae;0;0;2098;3
Asilidae;0;0;2098;3
Asteiidae;0;0;2098;3
Athericidae;0;0;2098;3
Aulacigasteridae;0;0;2098;3
Bombyliidae;0;0;2098;3
Brachystomatidae;0;0;2098;3
Braulidae;0;0;2098;3
Calliphoridae;0;0;2098;3
Camillidae;0;0;2098;3
Campichoetidae;0;0;2098;3
Carnidae;0;0;2098;3
Chamaemyiidae;0;0;2098;3
Chiropteromyzidae;0;0;2098;3
Chloropidae;0;0;2098;3
Chyromyidae;0;0;2098;3
Clusiidae;0;0;2098;3
Coelopidae;0;0;2098;3
Coenomyiidae;0;0;2098;3
Conopidae;0;0;2098;3
Diastatidae;0;0;2098;3
Dolichopodidae;0;0;2098;3
Drosophilidae;0;0;2098;3
Dryomyzidae;0;0;2098;3
Empidoidea;0;0;2098;3
Ephydridae;0;0;2098;3
Fanniidae;0;0;2098;3
Gasterophilidae;0;0;2098;3
Helcomyzidae;0;0;2098;3
Heleomyzidae;1;2;2098;3
Heterocheilidae;0;0;2098;3
Hippoboscidae;0;0;2098;3
Hypodermatidae;0;0;2098;3
Lauxaniidae;0;0;2098;3
Lonchaeidae;0;0;2098;3
Lonchopteridae;0;0;2098;3
Megamerinidae;0;0;2098;3
Micropezidae;0;0;2098;3
Milichiidae;0;0;2098;3
Muscidae;1;1;2098;3
Nycteribiidae;0;0;2098;3
Odiniidae;0;0;2098;3
Oestridae;0;0;2098;3
Opetiidae;0;0;2098;3
Opomyzidae;0;0;2098;3
Pallopteridae;0;0;2098;3
Periscelididae;0;0;2098;3
Phaeomyiidae;0;0;2098;3
Phoridae;0;0;2098;3
Piophilidae;0;0;2098;3
Pipunculidae;0;0;2098;3
Platypezidae;0;0;2098;3
Platystomatidae;0;0;2098;3
Pseudopomyzidae;0;0;2098;3
Psilidae;0;0;2098;3
Rhagionidae;0;0;2098;3
Rhinophoridae;0;0;2098;3
Sarcophagidae;0;0;2098;3
Scathophagidae;0;0;2098;3
Scenopinidae;0;0;2098;3
Sciomyzidae;0;0;2098;3
Sepsidae;0;0;2098;3
Sphaeroceridae;0;0;2098;3
Stenomicridae;0;0;2098;3
Stratiomyidae;0;0;2098;3
Strongylophthalmyiidae;0;0;2098;3
Syrphidae;0;0;2098;3
Tabanidae;0;0;2098;3
Tachinidae;0;0;2098;3
Tanypezidae;0;0;2098;3
Tephritidae;0;0;2098;3
Tethinidae;0;0;2098;3
Therevidae;0;0;2098;3
Trixoscelididae;0;0;2098;3
Ulidiidae;0;0;2098;3
Xylomyidae;0;0;2098;3
Xylophagidae;0;0;2098;3
Acarthophthalmidae ;1;1;2112;39
Acroceridae;0;0;2112;39
Agromyzidae;1;3;2112;39
Anthomyiidae;1;36;2112;39
Anthomyzidae;0;0;2112;39
Asilidae;0;0;2112;39
Asteiidae;0;0;2112;39
Athericidae;0;0;2112;39
Aulacigasteridae;0;0;2112;39
Bombyliidae;0;0;2112;39
Brachystomatidae;0;0;2112;39
Braulidae;0;0;2112;39
Calliphoridae;0;0;2112;39
Camillidae;0;0;2112;39
Campichoetidae;0;0;2112;39
Carnidae;0;0;2112;39
Chamaemyiidae;0;0;2112;39
Chiropteromyzidae;0;0;2112;39
Chloropidae;0;0;2112;39
Chyromyidae;0;0;2112;39
Clusiidae;0;0;2112;39
Coelopidae;0;0;2112;39
Coenomyiidae;0;0;2112;39
Conopidae;0;0;2112;39
Diastatidae;0;0;2112;39
Dolichopodidae;0;0;2112;39
Drosophilidae;1;48;2112;39
Dryomyzidae;1;11;2112;39
Empidoidea;1;8;2112;39
Ephydridae;1;4;2112;39
Fanniidae;1;4;2112;39
Gasterophilidae;0;0;2112;39
Helcomyzidae;0;0;2112;39
Heleomyzidae;1;22;2112;39
Heterocheilidae;0;0;2112;39
Hippoboscidae;0;0;2112;39
Hypodermatidae;0;0;2112;39
Lauxaniidae;1;1;2112;39
Lonchaeidae;0;0;2112;39
Lonchopteridae;1;2;2112;39
Megamerinidae;0;0;2112;39
Micropezidae;0;0;2112;39
Milichiidae;0;0;2112;39
Muscidae;1;8;2112;39
Nycteribiidae;0;0;2112;39
Odiniidae;0;0;2112;39
Oestridae;0;0;2112;39
Opetiidae;0;0;2112;39
Opomyzidae;1;2;2112;39
Pallopteridae;0;0;2112;39
Periscelididae;0;0;2112;39
Phaeomyiidae;0;0;2112;39
Phoridae;0;0;2112;39
Piophilidae;0;0;2112;39
Pipunculidae;0;0;2112;39
Platypezidae;0;0;2112;39
Platystomatidae;0;0;2112;39
Pseudopomyzidae;0;0;2112;39
Psilidae;0;0;2112;39
Rhagionidae;0;0;2112;39
Rhinophoridae;0;0;2112;39
Sarcophagidae;0;0;2112;39
Scathophagidae;0;0;2112;39
Scenopinidae;0;0;2112;39
Sciomyzidae;0;0;2112;39
Sepsidae;1;7;2112;39
Sphaeroceridae;1;15;2112;39
Stenomicridae;0;0;2112;39
Stratiomyidae;0;0;2112;39
Strongylophthalmyiidae;0;0;2112;39
Syrphidae;0;0;2112;39
Tabanidae;0;0;2112;39
Tachinidae;0;0;2112;39
Tanypezidae;0;0;2112;39
Tephritidae;0;0;2112;39
Tethinidae;0;0;2112;39
Therevidae;0;0;2112;39
Trixoscelididae;0;0;2112;39
Ulidiidae;0;0;2112;39
Xylomyidae;0;0;2112;39
Xylophagidae;0;0;2112;39